description,title,source,link,categories,datetime_published,verification
"Веднаш по настанот за отворањето на ЛГБТИ центарот за поддршка, центарот беше нападнат, со што беше оштетен излогот од страна на маскирани напаѓачи.",Напад на ЛГБТИ центарот за поддршка,http://prijavinasilstvo.mk/reports/view/14,http://www.makdenes.org/archive/news/20121024/428/428.html?id=24749618 ,Физички напади,2012-10-24 02:00:00,Неверифицирани
"На 2 март 2013 година, за време на протестите организирани во период пред локалните избори се случија неколку кривични дела. Толпата протестанти, движејќи се низ Старата скопска чаршија го нападна ЛГБТИ Центарот за поддршка при што беше искршено предното прозорско стакло. Инцидентот беше снимен преку безбедносните камери на Центарот.",Нападнат ЛГБТИ Центарот за поддршка,http://www.zlostorstvaodomraza.com/reports/view/103,http://www.makdenes.org/archive/news/20130705/428/428.html?id=25037768 ,Инцидент сторен поради сексуална ориентација или родов идентитет,2013-03-02 13:49:00,Верифицирано
"На 20.04.2013 активисти од „ЛГБТ Јунајтед“ и Коалицијата „Сексуални и здравствени права на маргинализирани заедници“ спроведуваа јавни активности во Битола, во рамките на проектот „Граѓанска иницијатива за ЛГБТ права“. Активистите за човекови права лепеа постери со промотивна содржина за човековите права на ЛГБТ лицата, и прошетаа низ „Широк Сокак“ со знаме во боите на виножитото.","Повторно насилство врз активисти за човекови права, сега во Битола!",http://www.zlostorstvaodomraza.com/reports/view/23,http://coalition.org.mk/2013/04/povtorno-nasilstvo-vrz-aktivisti-za-covekovi-prava-sega-vo-bitola/ ,Инцидент сторен поради сексуална ориентација или родов идентитет,2013-04-20 13:22:00,Верифицирано
Само 24 часа откако во Тетово беа поставени билборди за поддршка на ЛГБТ заедницата денска истите се оштетни.,Уништени билбордите за поддршка на ЛГБТ во Тетово,http://www.zlostorstvaodomraza.com/reports/view/27,http://novatv.mk/index.php?p=1&navig=8&cat=2&vest=3348 ,Инцидент сторен поради сексуална ориентација или родов идентитет,2013-05-09 13:25:00,Верифицирано
Искршени стакла и полесно повреден полицаец е билансот по вчерашниот напад на ЛГБТ - центарот во Старата скопска чаршија. Група маскирани лица го нападнале центарот додека во него се одржувала филмска проекција во рамки на одбележување на Неделата на гордоста.,"Нападнат ЛГБТ центарот, повреден полицаец",http://www.zlostorstvaodomraza.com/reports/view/68,http://www.makdenes.org/archive/news/20130623/428/428.html?id=25025286 ,Инцидент сторен поради сексуална ориентација или родов идентитет,2013-06-22 18:01:00,Верифицирано
Група непознати млади вчера околу 23 часот го каменувале домот на актерот и активист за човекови права Петар Стојковиќ. Стојковиќ сведочи дека каменувањето било проследено со извиците „Педери! Ќе ви го е... мамичето педерско!“.,Каменуван домот на Петар Стојковиќ,http://www.zlostorstvaodomraza.com/reports/view/72,http://novatv.mk/index.php?navig=8&cat=2&vest=5050 ,Инцидент сторен поради сексуална ориентација или родов идентитет,2013-06-25 13:56:00,Верифицирано
"Вечерва околу 23 часот и 30 минути, повторно е каменувана куќата на активистот за човекови права и актер, Петар Стојковиќ.",Повторно каменувана куќата на Петар Стојковиќ,http://www.zlostorstvaodomraza.com/reports/view/74,http://www.plusinfo.mk/vest/99160/OBNOVENO-Vecherva-povtorno-kamenuvana-kukjata-na-Petar-Stojkovikj ,Инцидент сторен поради сексуална ориентација или родов идентитет,2013-07-12 23:12:00,Верифицирано
"На ден 22 август 2013 година околу 23:30 часот во бурекџилницата „Житен клас“, на ул. Љубо Божиноски-Пиш во Тетово (спроти Спортскиот центар) бев нападнат од непознато лице поради мојата сексуална ориентација (геј маж) при што ми беа нанесени телесни повреди.  Се обидов да избегам, но нападот продолжи додека трчав кон ул. Благоја Тоска. Случајот го пријавив во полиција од каде 4 дена по ред ми велеа „дојди утре“. Ги слушнав како коментираат меѓу себе дека сум педер. По нападот извадив и лекарски наод кој го заедно со барањето за бесплатна правна помош го доставив до Хелсиншкиот комитет за човекови права. Во бурекџилницата имаше и видео камера па според тоа сторителите може лесно да се идентификуваат.",Физички напад поради сексуална ориентација,http://www.zlostorstvaodomraza.com/reports/view/85,,Инцидент сторен поради сексуална ориентација или родов идентитет,2013-08-22 23:20:00,Верифицирано
"На 9 септември 2013 година, околу 20:40 часот, Андреа Јакимовски која е транс-сексуална жена била нападната со нож од непознат сторител во Тетово. Нападот се случувал пред очите на нејзин познаник. Во еден момент, додека Андреа бегала, на помош пристигнал друг нејзин познаник кој исто како и андреа бил расечен со нож. Според првични информации на полицијата, напаѓачот бил приведен па ослободен, а против него ќе биде поднесена соодветна кривична пријава.",Напад со нож поради родов идентитет,http://www.zlostorstvaodomraza.com/reports/view/94,,Инцидент сторен поради сексуална ориентација или родов идентитет,2013-09-09 20:40:00,Верифицирано
"На ден 13.10.2013, во вечерните часови, во близина на кружниот тек во населбата Ѓорче Петров бил извршен физички напад врз трансродово лице. Девојката била удрена во пределот на главата од десната страна, при што и’ бил повреден носот, а исто така добила удар и во пределот на стомакот.",Напад врз трансродово лице во Ѓорче Петров,http://www.zlostorstvaodomraza.com/reports/view/121,,Инцидент сторен поради сексуална ориентација или родов идентитет,2013-10-13 12:14:00,Верифицирано
Од кога во маалото во кое живеам се дозна за тоа дека сум хомосексуалец секојдневно сум жртва на навредливи довикувања од страна на комшиите. Целото тоа ескалираше кога двајца напаѓачи ме пресретнаа пред мојот дом и ме нападнаа со клоци и боксови и ми нанесоа повреди на главата и телото.,напад,http://prijavinasilstvo.mk/reports/view/18,,"Навредливи коментари и довикување,Физички напади",2013-12-13 13:12:00,Неверифицирани
"На Фејсбук страната Шетај Бранко се појави фотомонтажа со ликовите на неколку лица од различни аспекти на политичката сфера. Коментарите имаат партиска, етничка и родова димензија и ги поддржуваат постоечките негативни стереотипи.",Фотомонтажа на Фејсбук,http://govornaomraza.mk/reports/view/194,,"Говор на омраза поради етничка припадност/верска припадност/јазик/државјанство,Говор на омраза поради политичка припадност/социјално потекло,Говор на омраза поради пол/род/сексуална ориентација/родов идентитет",2014-02-16 22:47:00,Верифицирано
"На сајтот urbancult.mk се појави статија со наслов „Ти дома имаш лавица брат, а те палат пирсани џукели!“, во кој авторот користи погрдни зборови кон жените, и воопшто говор кој го објективизира женското тело и ги повторува стереотипите кои веќе постојат.",Говор на омраза - жени,http://govornaomraza.mk/reports/view/186,http://urbancult.mk/stil/voajer/item/2011-skopski-fraeri-zalapaj-ja-devojka-ti-ko-da-ti-e-prv-pat ,Говор на омраза поради пол/род/сексуална ориентација/родов идентитет,2014-03-12 13:46:00,Верифицирано
"На Фејсбук профилот на Јанко (Јади Бурек), можеше да се види како пренесува статус од Стиховен калибар, со следниот текст: „Најавено е реновирање на студентските домови... Македонија конечно ќе добие современи јавни куќи...“ Во продолжение, имаше реакција и на maktel.mk.",За студентските домови,http://govornaomraza.mk/reports/view/180,http://maktel.mk/index.php?option=com_k2&view=item&id=15039:nevidena-drskost-i-bezobrazie-janko-burekot-gi-navredi-site-studentki-od-provincija-gi-nareche-kurvi-a-studentskite-domovi-bordeli&Itemid=660 ,"Говор на омраза поради политичка припадност/социјално потекло,Говор на омраза поради пол/род/сексуална ориентација/родов идентитет",2014-03-16 12:00:00,Верифицирано
Реакции испратени во Фејсбук сандачето на страницата Шетај Бранко. Истите содржат експлицитен говор на омраза врз основа на политичка припадност.,Пораки испратени до администраторите на Шетај Бранко,http://govornaomraza.mk/reports/view/188,,Говор на омраза поради пол/род/сексуална ориентација/родов идентитет,2014-03-19 01:39:00,Верифицирано
"Миленко Неделковски на својата Фејсбук страна реагираше на интервју на Ацо Кабранов, упатувајќи навреди од типот на „Ова СУШТЕСТВО ќе зборува кој е избањат???!!! Смрад НАШМРКАН.“",Миленко за Кабранов и заднината на ситуацијата,http://govornaomraza.mk/reports/view/191,http://kurir.mk/makedonija/vesti/153234-Za-Kabranov-mnozinstvoto-makedonski-gragani-se-neizbanjata-masa ,"Говор на омраза поради политичка припадност/социјално потекло,Говор на омраза поради пол/род/сексуална ориентација/родов идентитет",2014-04-02 17:37:00,Верифицирано
"На Фејсбук се појави страница со директна цел на нарушување на сликата за една девојка. Името на страната содржи директна навреда, а постои само еден коментар на самата страница кој исто така содржи експлицитни зборови на омраза.",Фејсбук страница за оцрнување на една девојка,http://govornaomraza.mk/reports/view/190,,Говор на омраза поради пол/род/сексуална ориентација/родов идентитет,2014-04-02 22:27:00,Верифицирано
"Под статијата објавена на ekipa.mk се појавија многу коментари со омраза кон ракометниот стратег Лино Червар, при што фокусот беше на материјалниот аспект, но и националноста. Коментарите се експлицитни, а дел од нив ги поддржуваат стереотипите кон луѓето со поинаква сексуална ориентација, што за жал стана вообичаена практика при обид за нечие омаловажување.",Коментари против Лино Червар,http://govornaomraza.mk/reports/view/201,,"Говор на омраза поради етничка припадност/верска припадност/јазик/државјанство,Говор на омраза поради пол/род/сексуална ориентација/родов идентитет",2014-04-03 12:17:00,Верифицирано
"На натпреварот Пелистер – Металург, навивачите на Пелистер прикажаа транспарент кој содржи говор на омраза врз основа на сексуална ориентација, на кој беа испишани зборовите „Судите како ќе ви кажат, Дај боже синојте да ви се мажат“. Подоцна, фотографија од транспарентот беше објавена на фејсбук профилот на локалниот медиум Bitola news.",Транспарент на натпревар во Битола,http://govornaomraza.mk/reports/view/219,,Говор на омраза поради пол/род/сексуална ориентација/родов идентитет,2014-04-12 13:52:00,Верифицирано
Говор на омраза спроти градинката каде имаше избирачко место за гласање. Текстот на натписот гласи: „Политичари - курви“.,Графит во Струмица,http://govornaomraza.mk/reports/view/216,,Говор на омраза поради пол/род/сексуална ориентација/родов идентитет,2014-04-13 13:57:00,Верифицирано
Serious treats by the security and cleaning service of the City Trade Center in Skopje - For English see below-,Сериозни закани од обезбедувањето и хигиенската служба во Градскиот Трговски Центар во Скопје,http://www.zlostorstvaodomraza.com/reports/view/246,,Инцидент сторен поради сексуална ориентација или родов идентитет,2014-04-15 09:07:00,Неверифицирани
"Група луѓе извикуваат „Уа Пендаровски шиптар! Уа педери!“ на крајот на средбата на Стево Пендаровски со група негови поддржувачи во скопската населба Лисиче. Со ваквите изјави, симпатизерите на неговите политички опоненти користат погрдни зборови за одредени групи на граѓани, ставајќи ги и нив во негативен контекст, во обид за оцрнување на кандидатите на останатите политички субјекти.",Инцидент при средба со Пендаровски,http://govornaomraza.mk/reports/view/209,http://sdsm.org.mk/default.aspx?articleId=10468&mId=55&agId=2 ,"Говор на омраза поради етничка припадност/верска припадност/јазик/државјанство,Говор на омраза поради политичка припадност/социјално потекло,Говор на омраза поради пол/род/сексуална ориентација/родов идентитет",2014-04-15 12:00:00,Верифицирано
"Во статија под наслов „Сечење на чировите“, објавена на порталот Дудинка, Миленко Неделковски посочува со име и презиме група луѓе кои јавно ги етикетира. Употребените зборови, јасно покажуваат повикување на насилство.","„Сечење на чировите“, објавена на порталот Дудинка",http://govornaomraza.mk/reports/view/221,http://dudinka.mk/?p=445 ,"Говор на омраза поради политичка припадност/социјално потекло,Говор на омраза поради пол/род/сексуална ориентација/родов идентитет",2014-05-02 12:15:00,Верифицирано
"Откако на Фејсбук страницата на plusinfo.mk беа објавени линкови до статии во кои се зборува за намерата за стапување во брак во странство помеѓу актерот Петар Стојковиќ и неговиот партнер, под објавите беа напишани различни хомофобични коментари, во кои се користат вулгарности и лицата со хомосексуална ориентација се претставуваат како болни лица.",Хомофобичен говор на Фејсбук,http://govornaomraza.mk/reports/view/222,,Говор на омраза поради пол/род/сексуална ориентација/родов идентитет,2014-05-07 20:58:00,Верифицирано
"На 8ми мај 2014, за време на натпревар меѓу екипите на Металург и Вардар, бил истакнат транспарент со натпис „педери“ со стрелка, кој директно посочувал кон навивачката група во негова близина. Истиот бил истакнат во текот на целото полувреме, а на паузата се покажал како соодветен пример за тоа како говорот на омраза може лесно да доведе до физичка пресметка.",Говор на омараза на спортски натпревар искажан преку транспарент,http://govornaomraza.mk/reports/view/223,http://sportclub.mk/%D1%80%D0%B0%D0%BA%D0%BE%D0%BC%D0%B5%D1%82/%D0%BA%D0%B0%D1%82%D0%B5%D0%B3%D0%BE%D1%80%D0%B8%D1%98%D0%B0/%D0%BC%D0%B0%D0%BA%D0%B5%D0%B4%D0%BE%D0%BD%D0%B8%D1%98%D0%B0/19054-%D1%82%D1%80%D0%B0%D0%BD%D1%81%D0%BF%D0%B0%D1%80%D0%B5%D0%BD%D1% ,Говор на омраза поради пол/род/сексуална ориентација/родов идентитет,2014-05-08 17:45:00,Верифицирано
"Говор на омраза во Струга имаше во јавниот простор односно пред влезот во неколку македонски села.Прешкртани се македонските имиња на селата Заграчани, Теферич, Вишни и Горна Белица и до нив е испишано УЧК пред показната стрелка за вртење кон патот што води кон истите. Како и на интернет порталите.",Говор на омраза,http://govornaomraza.mk/reports/view/309,,"Говор на омраза поради етничка припадност/верска припадност/јазик/државјанство,Говор на омраза поради пол/род/сексуална ориентација/родов идентитет",2014-05-12 11:46:00,Верифицирано
"Веќе неколку години сум жртва на семејно насилство. Се почна кога моит родители донзаа за мојата сексуална ориентација. Татко ми физички ме напаѓа а мајка ми и постарата сестра упорано ме навредуваат и ми вршат притисок. Често ме обвинуваат за многу работи, дека сум јадел премногу, дека сум им трошок и дека сакаат да си одам од дома.",семејно насилство,http://prijavinasilstvo.mk/reports/view/20,,"Семејно насилство ( физичко, вербално, психолошко, сескуално насилство од страна на родители, браќа/сестри и/или роднин)",2014-05-13 13:23:00,Неверифицирани
"На Фејсбук страната на Миленко Неделковски беше објавена фотографија од холандската амбасадорка Мариет Схурман, врз која има натпис со навредлива содржина врз основа на пол/род. Самиот коментар на фотографијата, напишан од страна на Миленко Неделковски, содржи говор на омраза по основ на сексуална ориентација.",Говор на омраза во натпис за амбасадорката Мариет Схурман,http://govornaomraza.mk/reports/view/225,,"Говор на омраза поради етничка припадност/верска припадност/јазик/државјанство,Говор на омраза поради пол/род/сексуална ориентација/родов идентитет,Излагање на подбив на претставници на странски држави",2014-05-15 07:40:00,Верифицирано
"Како што предходно наведов , оваа недела забележав говор на омраза на два графити низ градот.Поконкретно на едниот од нив беа прикажани два кукасти крстови . До нив не стоеше никаков натпис, па иако кукастиот крст не е екслузивен симбол на антисемитизмот, затоа што во некои источни религии и култури симболизира вечност , повторно раѓање и слично, сепак сметам дека овде е исцртан со неговото (во денешно време) најпрепознатливо значење –антисемитистичкото значење, како омраза насочена кон Евреите како припадници на посебна  национална , етничка и релиозна група.",Говор на омраза,http://govornaomraza.mk/reports/view/292,,"Говор на омраза поради етничка припадност/верска припадност/јазик/државјанство,Говор на омраза поради пол/род/сексуална ориентација/родов идентитет",2014-05-15 12:14:00,Верифицирано
Говор на омраза забележан на интернет портали.,Говор на омраза,http://govornaomraza.mk/reports/view/297,,Говор на омраза поради пол/род/сексуална ориентација/родов идентитет,2014-05-17 12:53:00,Верифицирано
"На Фејсбук страната на Миленко Неделковски се појави објава во која Неделковски вербално напаѓа неколку јавни личности, реферирајќи на објавите поврзани со поплавите, при што го пренасочува текот на дискусијата против лицата со различна сексуална ориентација, поврзувајќи ги со споменатите активисти и оставајќи простор за лавина од коментари кои исто така може да се видат во прилог.",Лавина од коментари врз основа на сексуална ориентација,http://govornaomraza.mk/reports/view/230,,Говор на омраза поради пол/род/сексуална ориентација/родов идентитет,2014-05-19 10:33:00,Верифицирано
"На веб порталот Побарај мк е ставен оглас со наслов Придружете се да ги уништиме педерите, со кој јасно се повикува на омраза кон лицата со нехетеросексуална ориентација.",Говор на омраза кон лицата со нехетеросексуална ориентација,http://govornaomraza.mk/reports/view/228,http://www.pobaraj.com.mk/oglas/licni-kontakti/Pridruzete-se-da-gi-unistime-Pederiite/144059 ,Говор на омраза поради пол/род/сексуална ориентација/родов идентитет,2014-05-19 13:21:00,Верифицирано
"На Фејсбук страницата на ЛГБТИ Центарот за поддршка беа објавени фотографии од настанот по повод Меѓународниот ден против хомофобијата и трансфобијата, кој се одржа на 18ти мај во градскиот парк. Едно исто лице пишуваше коментари со омраза под неколку од тие фотографии.",Коментари на фотографиите од IDAHO,http://govornaomraza.mk/reports/view/232,,Говор на омраза поради пол/род/сексуална ориентација/родов идентитет,2014-05-20 23:39:00,Верифицирано
"На сајтот majkatiitatkoti.com, беше објавен коментар на темата доење бебиња во јавност, при што насловот е „Го дои бебето у кафич пошо бебето имало потреби…“",Говор на омраза кон жените,http://govornaomraza.mk/reports/view/400,http://majkatiitatkoti.com/tweet/go-doi-bebeto-u-kafic-poso-bebeto-imalo-potrebi_khayteeb/ ,Говор на омраза поради пол/род/сексуална ориентација/родов идентитет,2014-06-09 13:04:00,Верифицирано
Графит „смрт за педери“ во Скопје,Графит,http://govornaomraza.mk/reports/view/235,,Говор на омраза поради пол/род/сексуална ориентација/родов идентитет,2014-06-29 13:00:00,Верифицирано
Натпис „џандари педери“ на споменик на плоштад Македонија во Скопје,Натпис во Скопје,http://govornaomraza.mk/reports/view/236,,Говор на омраза поради пол/род/сексуална ориентација/родов идентитет,2014-06-29 13:07:00,Верифицирано
"Цитат: ""Двете заедници""... Ни го соопшти идентитетот Викторија Нуланд, најпознатата сопственичка на сендвичара во светот. Ме интересира Самка Ибраимовски реагираше ли? Оти, ете, Американката не ја спомена џипси-меџик заедницата. Не ја спомна ни турската, ниту српската!!! Многу сум ""радосен"" кога од државотворен народ ""прераснувам"" во една од двете рамноправни заедници!!!",Говор на омраза во статија објавена во дневниот весник „Вечер“,http://govornaomraza.mk/reports/view/336,http://vecer.mk/?ItemID=F61A17BAD3825742B38ACDA570E83003 ,"Говор на омраза поради етничка припадност/верска припадност/јазик/државјанство,Говор на омраза поради пол/род/сексуална ориентација/родов идентитет,Излагање на подбив на претставници на меѓународни организации",2014-07-22 00:58:00,Верифицирано
"Young gay male attacked by two perpetrators - For English see below / Një homoseksual i ri sulmohet nga dy autorë - Për shqip, shih më poshtë",Млад геј маж нападнат од двајца насилници,http://www.zlostorstvaodomraza.com/reports/view/240,,Инцидент сторен поради сексуална ориентација или родов идентитет,2014-08-11 08:42:00,Верифицирано
Говорот на омраза е забележан на интернет порталите.,Говор на омраза,http://govornaomraza.mk/reports/view/359,,"Говор на омраза поради етничка припадност/верска припадност/јазик/државјанство,Говор на омраза поради политичка припадност/социјално потекло,Говор на омраза поради пол/род/сексуална ориентација/родов идентитет",2014-08-11 13:34:00,Верифицирано
Додека шетав со својот пријател бев нападнат од страна на две лица кои ме погодија со камен во пределот на главата.,насилство,http://prijavinasilstvo.mk/reports/view/16,,Физички напади,2014-08-11 21:00:00,Неверифицирани
"Gay man attacked by two unknown perpetrators - For English see below / Një homoseksualë sulmohet nga dy kryerës të panjohur - Për shqip, shih më poshtë",Геј маж нападнат од двајца непознати насилници,http://www.zlostorstvaodomraza.com/reports/view/243,,Инцидент сторен поради сексуална ориентација или родов идентитет,2014-08-15 08:57:00,Верифицирано
Говорот на омраза е забележан на интернет порталите.,Говор на омраза,http://govornaomraza.mk/reports/view/363,,Говор на омраза поради пол/род/сексуална ориентација/родов идентитет,2014-08-16 10:24:00,Верифицирано
"Two young boys were stoned by unknown perpetrators  - For English see below / Dy djem të rinjë gjuhen me gurrë nga kryerës të panjohur - Për shqip, shih më poshtë",Две млади момчиња каменувани од непознати насилници,http://www.zlostorstvaodomraza.com/reports/view/241,,Инцидент сторен поради сексуална ориентација или родов идентитет,2014-08-19 08:50:00,Верифицирано
"Four young people were attacked with stones by five perpetrators because of their sexual orientation - for English see below / Katër të rinjë janë sulmuar me gurrë nga pesë kryrës për shkak të orientimit të tyre seksual - Për shqip, shih më poshtë",Четири млади луѓе каменувани од страна на петмина насилници поради нивната сексуална ориентација,http://www.zlostorstvaodomraza.com/reports/view/244,,Инцидент сторен поради сексуална ориентација или родов идентитет,2014-08-19 09:01:00,Верифицирано
Говорот на омраза е забележан на интернет порталите.Како и во емисијата Очи в очи на телевизија 24вести од страна на гледачи врз основа на сексуална ориентација.Темата беше уставни промени брачна заедница помеѓу еден маж и една жена,Говор на омраза,http://govornaomraza.mk/reports/view/376,,"Говор на омраза поради политичка припадност/социјално потекло,Говор на омраза поради пол/род/сексуална ориентација/родов идентитет",2014-08-25 13:41:00,Неверифицирани
"A minor was attacked on a bus station - For English see below / Një i mitur sulmohet në stacionin e autobusave - Për shqip, shih më poshtë",Малолетник нападнат на автобуска постојка,http://www.zlostorstvaodomraza.com/reports/view/242,,Инцидент сторен поради сексуална ориентација или родов идентитет,2014-09-05 08:53:00,Верифицирано
Додека се шетав низ центарот на градот две лица почнаа да фрлаат камења по мене и по мојот пријател. Исплашени ние почнавме да бегаме и двајцата напаѓачи почнаа да трчаат по нас.  Упорно не бркаа додека н влеговме во едно кафуле каде ги замоливме вработените да се скриеме заклучени во тоалетот.,напад,http://prijavinasilstvo.mk/reports/view/17,,Физички напади,2014-09-19 21:09:00,Неверифицирани
Во емисијата GG (која оригинално се емитува на twitch.tv) беа користени различни изрази кои повеќе различни групи ставија во многу негативен и генерализирачки контекст.,Говор на омраза во интернет-емисија,http://govornaomraza.mk/reports/view/393,,"Говор на омраза поради раса/боја на кожа,Говор на омраза поради пол/род/сексуална ориентација/родов идентитет",2014-10-07 12:00:00,Верифицирано
"Додека бевме да пазариме со еден мој пријател во маркетот Рамсто, еден од вработенит и еден од обезбедувањето не исмејаваа и не нарекуваа педери.",навредување,http://prijavinasilstvo.mk/reports/view/19,,Навредливи коментари и довикување,2014-10-24 20:19:00,Неверифицирани
"The LGBTI community was attacked in the Old Bazaar in Skopje - For English see below / Komunitetit LGBTI sulmohet në Çarshinë e Vjetër në Shkup - Për shqip, shih më poshtë",Напад над ЛГБТ заедницата во Старата скопска чаршија,http://www.zlostorstvaodomraza.com/reports/view/230,http://www.mhc.org.mk/announcements/255 ,"Расна или друга дискриминација,Инцидент сторен поради сексуална ориентација или родов идентитет",2014-10-25 01:38:00,Верифицирано
"Four gay men attacked with stones - For English see below / Katër djem homoseksual sulmohen me gurrëz - Për shqip, shih më poshtë",Каменувани четворица геј мажи,http://www.zlostorstvaodomraza.com/reports/view/247,,Инцидент сторен поради сексуална ориентација или родов идентитет,2014-11-03 09:11:00,Верифицирано
Говор на омраза забележан на социјалните мрежи,Говор на омраза,http://govornaomraza.mk/reports/view/405,,Говор на омраза поради пол/род/сексуална ориентација/родов идентитет,2014-11-10 11:51:00,Верифицирано
Говор на омраза забележан на социјалните мрежи,Говор на омраза,http://govornaomraza.mk/reports/view/407,,"Говор на омраза поради семејна/брачна состојба/имотен/општествен статус,Говор на омраза поради пол/род/сексуална ориентација/родов идентитет,Излагање на подбив на претставници на меѓународни организации",2014-11-14 13:10:00,Верифицирано
"A minor was attacked by a group of four unknown perpetrators because of his sexual orientation - For English see below / Një i mitur sulmohet nga një grupë kryerësish për shkak të orientimit të tij seksual - Për shqip, shih më poshtë",Малолетник нападнат од страна на четворица непознати насилници поради неговата сексуална ориентација,http://www.zlostorstvaodomraza.com/reports/view/245,,Инцидент сторен поради сексуална ориентација или родов идентитет,2014-12-08 19:20:00,Верифицирано
"На објавен линк од статија, на страната на Пулс24 на Фејсбук, се појавија многубројни коментари со застрашувачки говор на омраза кон ЛГБТ лицата, со вообичаениот фокус на геј мажите и лезбејките. Некои од коментарите содржат и повици на насилство.",Коментари на објава на Фејсбук,http://govornaomraza.mk/reports/view/408,,Говор на омраза поради пол/род/сексуална ориентација/родов идентитет,2014-12-13 00:58:00,Верифицирано
Говорот на омраза е забележан на цоцијалнита мрези,Говор на омраза,http://govornaomraza.mk/reports/view/409,,"Говор на омраза поради пол/род/сексуална ориентација/родов идентитет,Излагање на подбив на претставници на меѓународни организации",2014-12-23 10:03:00,Верифицирано
Говорот на омраза е забележан на социјалните мрежи,Говор на омраза,http://govornaomraza.mk/reports/view/410,,Говор на омраза поради пол/род/сексуална ориентација/родов идентитет,2014-12-23 10:07:00,Верифицирано
http://goo.gl/W3NHGO,Говор на омраза насочен против ЛГБТ заедницата на веб-страната на Дневник,http://govornaomraza.mk/reports/view/411,http://goo.gl/W3NHGO ,Говор на омраза поради пол/род/сексуална ориентација/родов идентитет,2014-12-27 01:14:00,Неверифицирани
"Во една фејсбук група беше постирана фотографија од транс жена, под која, во дискусијата, еден од членовите беше насочен против транс популацијата, нарекувајќи ги „полови дезертери“ и велејќи дека тоа е „психолошка девијација“.",Говор на омраза кон транс лица на Фејсбук,http://govornaomraza.mk/reports/view/415,,Говор на омраза поради пол/род/сексуална ориентација/родов идентитет,2015-01-03 12:04:00,Верифицирано
Невкусна шега во сметка на маргинализирана заедница.,Хомофобија во локален сајт,http://govornaomraza.mk/reports/view/420,https://www.facebook.com/OrginalKumanovskiMuabeti/posts/893871157319884 ,Говор на омраза поради пол/род/сексуална ориентација/родов идентитет,2015-01-15 01:28:00,Верифицирано
"Порталот republika.mk и лицето Миленко Неделковски, шират говор на омраза поради етничка припадност и сексуална ориентација, во однос на лицето Љ.Б. Порталот објави приватна фотографија на Љуми, при што од содржината на веста се гледа интенцијата за ширеше говор на омраза. Се спомнува дека Љуми, кој инаку е активист на Студенстки Пленум, сака преку Пленумот да заштити ""други интереси"", алудирајќи на евентуална негова сексуална определба, а воедно и на неговата етничка припадност. Лицето Миленко Неделковски го сподели овој линк на неговиот фејсбук профил (имам направено принтскрин на ова, го прикачив во полето фотографија), а во коментарот има напишано ""Соросоиден сдмсовец, педер и шиптар"", што очигледно е говор на омраза.",Пријава за говор на омраза,http://govornaomraza.mk/reports/view/425,http://republika.mk/?p=389016 ,"Говор на омраза поради етничка припадност/верска припадност/јазик/државјанство,Говор на омраза поради пол/род/сексуална ориентација/родов идентитет",2015-02-20 11:27:00,Верифицирано
http://vistina.mk/2015/02/19/foto-popularniot-plenumets-vo-poza-na-mlad-adam/,Студентски пленум,http://govornaomraza.mk/reports/view/426,http://vistina.mk/2015/02/19/foto-popularniot-plenumets-vo-poza-na-mlad-adam/ ,"Говор на омраза поради етничка припадност/верска припадност/јазик/државјанство,Говор на омраза поради пол/род/сексуална ориентација/родов идентитет",2015-02-20 13:51:00,Верифицирано
Говорот е забележан на социјалните мрежи,Говор на омраза,http://govornaomraza.mk/reports/view/434,,"Говор на омраза поради пол/род/сексуална ориентација/родов идентитет,Излагање на подбив на претставници на странски држави",2015-04-17 13:43:00,Верифицирано
Говорот е забележан на интернет,Говор на омраза,http://govornaomraza.mk/reports/view/433,,"Говор на омраза поради политичка припадност/социјално потекло,Говор на омраза поради пол/род/сексуална ориентација/родов идентитет",2015-04-19 13:39:00,Верифицирано
Говорот е забележан на интернет порталите,Говор на омраза,http://govornaomraza.mk/reports/view/429,,"Говор на омраза поради етничка припадност/верска припадност/јазик/државјанство,Говор на омраза поради политичка припадност/социјално потекло,Говор на омраза поради семејна/брачна состојба/имотен/општествен статус,Говор на омраза поради пол/род/сексуална ориентација/родов идентитет",2015-04-29 13:17:00,Верифицирано
Постот во целост:,FaceBook страна на Миленко Неделковски,http://govornaomraza.mk/reports/view/439,https://www.facebook.com/MilenkoNedelkovskiDnevnik?fref=ts ,"Говор на омраза поради раса/боја на кожа,Говор на омраза поради етничка припадност/верска припадност/јазик/државјанство,Говор на омраза поради политичка припадност/социјално потекло,Говор на омраза поради пол/род/сексуална ориентација/родов идентитет,Излагање на подбив на претставници на меѓународни организации,Излагање на подбив на претставници на странски држави",2015-05-18 13:53:00,Верифицирано
Фотографија објавена на фан-страницата на Миленко Неделковски со говор на омраза врз основ на сексуална ориентација. Фотографија во прилог.,Говор на омраза поради сексуална ориентација,http://govornaomraza.mk/reports/view/444,,Говор на омраза поради пол/род/сексуална ориентација/родов идентитет,2015-06-02 12:11:00,Верифицирано
"(ВИДЕО) КОМЕДИЈА : Кокошката на Грујо, музичкиот анти-талент д-р Софијанова, како недоквакана се клешти и глуми певаљка на куртон телевизијата „Сител“",Vest na portalot narodenglas.com,http://govornaomraza.mk/reports/view/443,http://narodenglas.com/%D0%B2%D0%B8%D0%B4%D0%B5%D0%BE-%D0%BF%D0%BE%D1%80%D0%BD%D0%BE-%D0%BD%D0%B0-%D1%81%D0%B8%D1%82%D0%B5%D0%BB-%D0%BA%D0%BE%D0%BA%D0%BE%D1%88%D0%BA%D0%B0%D1%82%D0%B0-%D0%BD%D0%B0-%D0%B3%D1%80%D1%83/ ,Говор на омраза поради пол/род/сексуална ориентација/родов идентитет,2015-06-13 01:37:00,Неверифицирани
Говор на омраза поради сексуална ориентација објавен на официјалната страница на поддржувачи на Миленко Неделковски. Фотографија во прилог на пријавата.,Говор на омраза поради сексуална ориентација,http://govornaomraza.mk/reports/view/445,,Говор на омраза поради пол/род/сексуална ориентација/родов идентитет,2015-06-16 13:04:00,Верифицирано
"Саки бе саки, смешно човече си ти знаеш ли? Гомце си ти, гомце смешно мутаво празноглаво, кретенче…",Колумна на Саше Политико,http://govornaomraza.mk/reports/view/446,http://narodenglas.com/%D1%81%D0%B0%D0%BA%D0%B8-%D0%B1%D0%B5-%D1%81%D0%B0%D0%BA%D0%B8-%D1%81%D0%BC%D0%B5%D1%88%D0%BD%D0%BE-%D1%87%D0%BE%D0%B2%D0%B5%D1%87%D0%B5-%D1%81%D0%B8-%D1%82%D0%B8-%D0%B7%D0%BD%D0%B0%D0%B5%D1%88-2/ ,Говор на омраза поради пол/род/сексуална ориентација/родов идентитет,2015-06-20 13:29:00,Верифицирано
Фотографија во коментари на фејсбук фан страницата на Миленко Неделковски со навредлива содржина за новинарот и активист Огнен Јанески.,Фотографија - коментар на фб,http://govornaomraza.mk/reports/view/447,,Говор на омраза поради пол/род/сексуална ориентација/родов идентитет,2015-06-23 13:18:00,Верифицирано
"""Ацо Кабранов двоцевката (мислам во буквален смисол на зборот) извикува: “Правда да, но од кој и од кого…“?",Текст на Миленко Неделковски,http://govornaomraza.mk/reports/view/449,http://dudinka.mk/?p=1409 ,Говор на омраза поради пол/род/сексуална ориентација/родов идентитет,2015-07-18 13:13:00,Верифицирано
"Од кога дозна за мојата поинаква сексуална ориентација татко ми физички ме нападна удирајќи ме со предмет, пепељара по главата и ми нанесе повреди.",семејно насилство,http://prijavinasilstvo.mk/reports/view/21,,"Семејно насилство ( физичко, вербално, психолошко, сескуално насилство од страна на родители, браќа/сестри и/или роднин)",2015-09-02 20:33:00,Неверифицирани
"govor na omraza na fejsbuk post, vrz osnova na seksualna orientacija",говор на омраза на фб пост,http://govornaomraza.mk/reports/view/453,,Говор на омраза поради пол/род/сексуална ориентација/родов идентитет,2016-02-15 15:25:00,Верифицирано
"Celata statija izobiluva so govor na omraza, navredi i omalovazuvanja na licnosta. dopolnitelno vo komentarite pod statijata isto taka se predizvikuva govor na omraza",govor na omraza vo statija,http://govornaomraza.mk/reports/view/455,http://infomax.mk/wp/?p=50700# ,"Говор на омраза поради политичка припадност/социјално потекло,Говор на омраза поради здравствен статус/ментална/телесна попреченост,Говор на омраза поради пол/род/сексуална ориентација/родов идентитет",2016-03-05 12:49:00,Верифицирано
Moite roditeli mi se zakanuvaat i psihicki me maltrtiraat i mi se zakanuvaat so fizicka presmetka poradi toa sto doznaa deka sum homoseksualec.,semejno nasilstvo,http://prijavinasilstvo.mk/reports/view/15,,"Семејно насилство ( физичко, вербално, психолошко, сескуално насилство од страна на родители, браќа/сестри и/или роднин)",2016-03-11 12:36:00,Неверифицирани
"Веќе 8-9 месеци каде и да ме сретне вербално ме навредува и довикува погрдни зборови кон мене од типот „Педер!“ , „Само в уста“  „Гнасен педер!“ „Овој е педер!“ и сл.  Најчесто тоа се случува кога јас сум сам, а тој е со други.",Вербално малтретирање,http://prijavinasilstvo.mk/reports/view/22,,"Навредливи коментари и довикување,Следење, зјапање, намерно порпечување на пат",2016-04-04 21:40:00,Верифицирано
"Ovaa vest potiknuva homofobija i govor na omrazi, posle objavuvanje na vesta imase spodeluvanje na fb i statusi kade sto prepoznav govor na omraza i sirenje homofobija. Dali portalot moze da snosi nekakva odgovornost? Dali obvinitelstvoto moze da pokrene postapka?",говор на омраза врз сексуална ориентација,http://govornaomraza.mk/reports/view/460,http://puls24.mk/mislenja/komentari/sarena-revolucija-ili-lgbt-revolucija ,Говор на омраза поради пол/род/сексуална ориентација/родов идентитет,2016-04-23 13:39:00,Верифицирано
Организиран напад и говор на омраза кон активисти или учесници во формални и неформални иницијативи против моменталната извршна власт и политичка криза. Пријавата се однесува на говор на омраза поради пол/род/сексуална ориентација/родов идентитет.,Говор на омраза против активисти,http://govornaomraza.mk/reports/view/462,,Говор на омраза поради пол/род/сексуална ориентација/родов идентитет,2016-05-10 16:00:00,Верифицирано
Во статијата во неколку наврати има говор на омраза и дискриминаторски говор.,govor na omraza vrz osnova na seksualna orientacija,http://govornaomraza.mk/reports/view/463,,"Говор на омраза поради политичка припадност/социјално потекло,Говор на омраза поради пол/род/сексуална ориентација/родов идентитет",2016-05-14 01:33:00,Верифицирано
"Текстот изобилува со говор на омраза врз неколку основи, особено врз основа на сексуална ориентација.","""ПЕДЕРИТЕ ЌЕ ГО НАПАЃААТ ОХРИД ВО ОКТОМВРИ""",http://govornaomraza.mk/reports/view/464,http://dudinka.mk/%D0%BF%D0%B5%D0%B4%D0%B5%D1%80%D0%B8%D1%82%D0%B5-%D1%9C%D0%B5-%D0%B3%D0%BE-%D0%BD%D0%B0%D0%BF%D0%B0%D1%93%D0%B0%D0%B0%D1%82-%D0%BE%D1%85%D1%80%D0%B8%D0%B4-%D0%B2%D0%BE-%D0%BE%D0%BA%D1%82%D0%BE%D0%BC/ ,"Говор на омраза поради етничка припадност/верска припадност/јазик/државјанство,Говор на омраза поради пол/род/сексуална ориентација/родов идентитет",2016-06-09 10:21:00,Верифицирано
Изразување говор на омраза поради сексуалната ориентација посакувајќи повеќе луѓе кои имаат различна сексуална ориентација да умрат притоа користејќи навредувачки изрази.,Говор на омраза поради сексуална ориентација,http://govornaomraza.mk/reports/view/465,,Говор на омраза поради пол/род/сексуална ориентација/родов идентитет,2016-06-13 01:54:00,Верифицирано
"На социјалната мрежа „Facebook“ забележав говор на омраза поради сексуална определба и претставување на геј популацијата како помалку битна (воопшто битна) популација. Имено имаше статус којшто ги деградира луѓето од геј популацијата и повикува на нивно убивање за доброто на општеството. Лицето Марија Тодосова повикува на убивање на геј популацијата, ги смета за безвредни, ги нарекува „педерчиња“,кажува дека нејиниот начин на живот е нормален а со тоа начинот на живот на другите е ненормален.",Говор на омраза поради сексуална определба,http://govornaomraza.mk/reports/view/466,,"Говор на омраза поради семејна/брачна состојба/имотен/општествен статус,Говор на омраза поради пол/род/сексуална ориентација/родов идентитет",2016-06-13 02:10:00,Верифицирано
"Na spodelena slika za napadot vo Orlando na LGBTI zaednicata kade sto bea ubieni 50 lugje, edno lice komentira deka ""da ne bile pederi 50 lugje ke bile zivi"". Ova e indirekten govor na omraza.",говор на омраза на фб пост,http://govornaomraza.mk/reports/view/468,,Говор на омраза поради пол/род/сексуална ориентација/родов идентитет,2016-06-14 10:15:00,Верифицирано
Голем број на говор на омраза против ЛГБТИ луѓето на фејсбук комнентари,Govor na omraza na fb po napadot na LGBTI vo Orlando,http://govornaomraza.mk/reports/view/469,,Говор на омраза поради пол/род/сексуална ориентација/родов идентитет,2016-06-14 11:26:00,Верифицирано
"Говор на омарза во Битола заради поставен билдорд како дел од кампања. Говор на омраза има на самиот билборд, а и на фејсбук поврзано со билбордот.",Govor na omraza vrz seksualna orientacija,http://govornaomraza.mk/reports/view/470,,Говор на омраза поради пол/род/сексуална ориентација/родов идентитет,2016-06-16 01:07:00,Верифицирано
Говор на омраза врз основа на сексуална ориентација испишан текст на билборд смрт за педери,Govor na omraza na bilbord,http://govornaomraza.mk/reports/view/471,,Говор на омраза поради пол/род/сексуална ориентација/родов идентитет,2016-06-16 01:30:00,Верифицирано
"Говор на омраза има во целиот текст врз основа на сексуална ориентација, а говор на омрза продолжува и во коментарите под објавениот текст.",Говор на омраза на информакс,http://govornaomraza.mk/reports/view/482,http://infomax.mk/wp/%D1%99%D1%83%D0%BC%D0%B8-%D0%B3%D0%BE%D1%80%D0%B4%D0%B8%D0%BE%D1%82-%D0%B3%D0%B5%D1%98-%D0%BD%D0%B0-%D0%B3%D0%BE%D1%81%D1%82%D0%B8-%D0%B2%D0%BE-%D0%B0%D0%BC%D0%B1%D0%B0%D1%81%D0%B0%D0%B4%D0%B0%D1%82/ ,Говор на омраза поради пол/род/сексуална ориентација/родов идентитет,2016-06-21 13:19:00,Верифицирано
Secenje glavata na ovoj kako isis sto pravat i odma ke se smirat narkomanive,ефектот на дрогата,http://govornaomraza.mk/reports/view/476,https://www.facebook.com/setajbranko/ ,Говор на омраза поради пол/род/сексуална ориентација/родов идентитет,2016-07-03 13:40:00,Верифицирано
"Насловот на колумната во Инфомакс е „КОЛУМНА НА МИЛЕНКО НЕДЕЛКОВСКИ: За мене, Груевски и натаму си е премиер на Македонија“. Во истата е забележан говор на омраза врз различни основи.",Говор на омраза во колумна,http://govornaomraza.mk/reports/view/513,http://infomax.mk/wp/%D0%BA%D0%BE%D0%BB%D1%83%D0%BC%D0%BD%D0%B0-%D0%BD%D0%B0-%D0%BC%D0%B8%D0%BB%D0%B5%D0%BD%D0%BA%D0%BE-%D0%BD%D0%B5%D0%B4%D0%B5%D0%BB%D0%BA%D0%BE%D0%B2%D1%81%D0%BA%D0%B8-%D0%B7%D0%B0-%D0%BC%D0%B5%D0%BD/ ,"Говор на омраза поради политичка припадност/социјално потекло,Говор на омраза поради пол/род/сексуална ориентација/родов идентитет",2016-07-12 00:37:00,Верифицирано
Говор на омраза врс основа на сексуална ориентација во коментари под објавата на фејсбук,obse,http://govornaomraza.mk/reports/view/515,https://www.facebook.com/vecerpress/?fref=ts ,Говор на омраза поради пол/род/сексуална ориентација/родов идентитет,2016-07-13 13:11:00,Верифицирано
govor na omraza poradi seksualna orientacija,plavi momci,http://govornaomraza.mk/reports/view/517,https://www.facebook.com/vecerpress/?fref=ts ,Говор на омраза поради пол/род/сексуална ориентација/родов идентитет,2016-07-13 13:31:00,Верифицирано
"Билборд во Битола, поставен преку кампањата за поддршка на ЛГБТ заедницата, е обоен односно уништен.",Против ЛГБТ,http://govornaomraza.mk/reports/view/518,,Говор на омраза поради пол/род/сексуална ориентација/родов идентитет,2016-07-14 01:51:00,Верифицирано
Говор на омраза поради државјанство,српски педер,http://govornaomraza.mk/reports/view/567,https://www.facebook.com/groups/874449109348458/?fref=ts ,"Говор на омраза поради етничка припадност/верска припадност/јазик/државјанство,Говор на омраза поради пол/род/сексуална ориентација/родов идентитет",2016-08-08 13:12:00,Верифицирано
Говор на омраза поради државјанство сексуална ориентација,хан,http://govornaomraza.mk/reports/view/565,https://www.facebook.com/vecerpress/?fref=ts ,"Говор на омраза поради етничка припадност/верска припадност/јазик/државјанство,Говор на омраза поради пол/род/сексуална ориентација/родов идентитет",2016-08-08 13:17:00,Верифицирано
Говор на омраза поради пол/род/сексуална ориентација/родов идентитет,Мрш ебате педериште,http://govornaomraza.mk/reports/view/585,https://www.facebook.com/vecerpress/?fref=ts ,Говор на омраза поради пол/род/сексуална ориентација/родов идентитет,2016-08-18 00:41:00,Верифицирано
"Во коментар на тескт со наслов „ЛЕНКА НА КАТА, ЛАЖЕ ПОВЕЌЕ ОД РАДА: Ленче Ристовска и медиумите на СДСМ/Сорос по теркот на лажгата Радмила!“ присутен е говор на омраза: „КАТЕ дебело прасе лнка со пичкататенка абе овие звучат како лезбејскокурвински имиња111111111!!!!“",Говор на омраза поради пол,http://govornaomraza.mk/reports/view/588,http://infomax.mk/wp/%D0%BB%D0%B5%D0%BD%D0%BA%D0%B0-%D0%BD%D0%B0-%D0%BA%D0%B0%D1%82%D0%B0-%D0%BB%D0%B0%D0%B6%D0%B5-%D0%BF%D0%BE%D0%B2%D0%B5%D1%9C%D0%B5-%D0%BE%D0%B4-%D1%80%D0%B0%D0%B4%D0%B0-%D0%BB%D0%B5%D0%BD%D1%87/ ,Говор на омраза поради пол/род/сексуална ориентација/родов идентитет,2016-08-22 13:00:00,Верифицирано
Говор на омраза поради пол/род,риби,http://govornaomraza.mk/reports/view/609,https://www.facebook.com/vecerpress/?hc_ref=NEWSFEED&fref=nf ,Говор на омраза поради пол/род/сексуална ориентација/родов идентитет,2016-09-09 13:21:00,Верифицирано
Говор на омраза поради пол/род/сексуална ориентација/родов идентитет,педеришта,http://govornaomraza.mk/reports/view/610,https://www.facebook.com/vecerpress/?hc_ref=NEWSFEED&fref=nf ,Говор на омраза поради пол/род/сексуална ориентација/родов идентитет,2016-09-09 13:26:00,Верифицирано
Говор на омраза поради пол/род/сексуална ориентацијa/општествен статус,Janko Ilkovski,http://govornaomraza.mk/reports/view/646,https://www.facebook.com/Janko-Ilkovski-134731976531/?fref=ts ,"Говор на омраза поради семејна/брачна состојба/имотен/општествен статус,Говор на омраза поради пол/род/сексуална ориентација/родов идентитет",2016-09-27 13:09:00,Верифицирано
Говор на омраза поради политичка припадност родов идентитет,pederi,http://govornaomraza.mk/reports/view/648,https://www.facebook.com/Janko-Ilkovski-134731976531/?fref=ts ,"Говор на омраза поради политичка припадност/социјално потекло,Говор на омраза поради пол/род/сексуална ориентација/родов идентитет",2016-09-28 00:42:00,Верифицирано
Говор на омраза во коментари на фејсбук пост,говор на омраза врз сексуална ориентација,http://govornaomraza.mk/reports/view/659,,Говор на омраза поради пол/род/сексуална ориентација/родов идентитет,2016-10-06 13:15:00,Верифицирано
Говор на омраза во фејсбук пост на Миленко Неделковски.,Говор на омраза во фејсбук статус,http://govornaomraza.mk/reports/view/668,,Говор на омраза поради пол/род/сексуална ориентација/родов идентитет,2016-10-14 13:52:00,Верифицирано
